{
    "name": "root",
    "gauges": {
        "MoveToGoal2.Policy.Entropy.mean": {
            "value": 3.017014741897583,
            "min": 3.017014741897583,
            "max": 3.017014741897583,
            "count": 1
        },
        "MoveToGoal2.Policy.Entropy.sum": {
            "value": 151430.0,
            "min": 151430.0,
            "max": 151430.0,
            "count": 1
        },
        "MoveToGoal2.Step.mean": {
            "value": 49981.0,
            "min": 49981.0,
            "max": 49981.0,
            "count": 1
        },
        "MoveToGoal2.Step.sum": {
            "value": 49981.0,
            "min": 49981.0,
            "max": 49981.0,
            "count": 1
        },
        "MoveToGoal2.Policy.ExtrinsicValueEstimate.mean": {
            "value": -2.448814868927002,
            "min": -2.448814868927002,
            "max": -2.448814868927002,
            "count": 1
        },
        "MoveToGoal2.Policy.ExtrinsicValueEstimate.sum": {
            "value": -2434.1220703125,
            "min": -2434.1220703125,
            "max": -2434.1220703125,
            "count": 1
        },
        "MoveToGoal2.Environment.EpisodeLength.mean": {
            "value": 194.52964426877472,
            "min": 194.52964426877472,
            "max": 194.52964426877472,
            "count": 1
        },
        "MoveToGoal2.Environment.EpisodeLength.sum": {
            "value": 49216.0,
            "min": 49216.0,
            "max": 49216.0,
            "count": 1
        },
        "MoveToGoal2.Environment.CumulativeReward.mean": {
            "value": -0.11857707509881422,
            "min": -0.11857707509881422,
            "max": -0.11857707509881422,
            "count": 1
        },
        "MoveToGoal2.Environment.CumulativeReward.sum": {
            "value": -30.0,
            "min": -30.0,
            "max": -30.0,
            "count": 1
        },
        "MoveToGoal2.Policy.ExtrinsicReward.mean": {
            "value": -0.11857707509881422,
            "min": -0.11857707509881422,
            "max": -0.11857707509881422,
            "count": 1
        },
        "MoveToGoal2.Policy.ExtrinsicReward.sum": {
            "value": -30.0,
            "min": -30.0,
            "max": -30.0,
            "count": 1
        },
        "MoveToGoal2.Losses.PolicyLoss.mean": {
            "value": 0.0235728628408746,
            "min": 0.0235728628408746,
            "max": 0.0235728628408746,
            "count": 1
        },
        "MoveToGoal2.Losses.PolicyLoss.sum": {
            "value": 0.0942914513634984,
            "min": 0.0942914513634984,
            "max": 0.0942914513634984,
            "count": 1
        },
        "MoveToGoal2.Losses.ValueLoss.mean": {
            "value": 0.19151228636037557,
            "min": 0.19151228636037557,
            "max": 0.19151228636037557,
            "count": 1
        },
        "MoveToGoal2.Losses.ValueLoss.sum": {
            "value": 0.7660491454415023,
            "min": 0.7660491454415023,
            "max": 0.7660491454415023,
            "count": 1
        },
        "MoveToGoal2.Policy.LearningRate.mean": {
            "value": 0.0002845497051501,
            "min": 0.0002845497051501,
            "max": 0.0002845497051501,
            "count": 1
        },
        "MoveToGoal2.Policy.LearningRate.sum": {
            "value": 0.0011381988206004,
            "min": 0.0011381988206004,
            "max": 0.0011381988206004,
            "count": 1
        },
        "MoveToGoal2.Policy.Epsilon.mean": {
            "value": 0.19484990000000002,
            "min": 0.19484990000000002,
            "max": 0.19484990000000002,
            "count": 1
        },
        "MoveToGoal2.Policy.Epsilon.sum": {
            "value": 0.7793996000000001,
            "min": 0.7793996000000001,
            "max": 0.7793996000000001,
            "count": 1
        },
        "MoveToGoal2.Policy.Beta.mean": {
            "value": 0.004743010009999999,
            "min": 0.004743010009999999,
            "max": 0.004743010009999999,
            "count": 1
        },
        "MoveToGoal2.Policy.Beta.sum": {
            "value": 0.018972040039999995,
            "min": 0.018972040039999995,
            "max": 0.018972040039999995,
            "count": 1
        },
        "MoveToGoal2.IsTraining.mean": {
            "value": 1.0,
            "min": 1.0,
            "max": 1.0,
            "count": 1
        },
        "MoveToGoal2.IsTraining.sum": {
            "value": 1.0,
            "min": 1.0,
            "max": 1.0,
            "count": 1
        }
    },
    "metadata": {
        "timer_format_version": "0.1.0",
        "start_time_seconds": "1687318845",
        "python_version": "3.9.13 (tags/v3.9.13:6de2ca5, May 17 2022, 16:36:42) [MSC v.1929 64 bit (AMD64)]",
        "command_line_arguments": "C:\\Users\\Divya\\AppData\\Local\\Programs\\Python\\Python39\\Scripts\\mlagents-learn --run-id=TestA1",
        "mlagents_version": "0.30.0",
        "mlagents_envs_version": "0.30.0",
        "communication_protocol_version": "1.5.0",
        "pytorch_version": "2.0.1+cu118",
        "numpy_version": "1.21.2",
        "end_time_seconds": "1687319022"
    },
    "total": 176.9183806,
    "count": 1,
    "self": 10.005211300000013,
    "children": {
        "run_training.setup": {
            "total": 0.04452839999999991,
            "count": 1,
            "self": 0.04452839999999991
        },
        "TrainerController.start_learning": {
            "total": 166.8686409,
            "count": 1,
            "self": 0.13871070000044483,
            "children": {
                "TrainerController._reset_env": {
                    "total": 29.979247,
                    "count": 1,
                    "self": 29.979247
                },
                "TrainerController.advance": {
                    "total": 136.5104188999996,
                    "count": 7820,
                    "self": 0.12368459999910897,
                    "children": {
                        "env_step": {
                            "total": 116.99222210000042,
                            "count": 7820,
                            "self": 74.6852216999989,
                            "children": {
                                "SubprocessEnvManager._take_step": {
                                    "total": 42.21426130000105,
                                    "count": 7820,
                                    "self": 0.45861450000159465,
                                    "children": {
                                        "TorchPolicy.evaluate": {
                                            "total": 41.755646799999454,
                                            "count": 7741,
                                            "self": 41.755646799999454
                                        }
                                    }
                                },
                                "workers": {
                                    "total": 0.0927391000004647,
                                    "count": 7819,
                                    "self": 0.0,
                                    "children": {
                                        "worker_root": {
                                            "total": 136.25665249999946,
                                            "count": 7819,
                                            "is_parallel": true,
                                            "self": 71.55252440000018,
                                            "children": {
                                                "steps_from_proto": {
                                                    "total": 0.0005568999999994162,
                                                    "count": 1,
                                                    "is_parallel": true,
                                                    "self": 0.00021010000000032392,