{"count":1,"self":24.917527999999997,"total":198.14109249999998,"children":{"InitializeActuators":{"count":32,"self":0.0015137999999999998,"total":0.0015137999999999998,"children":null},"InitializeSensors":{"count":32,"self":0.0030112,"total":0.0030112,"children":null},"AgentSendState":{"count":19417,"self":60.7697152,"total":81.7314078,"children":{"CollectObservations":{"count":124288,"self":0.8385543,"total":0.8385543,"children":null},"WriteActionMask":{"count":124288,"self":0.11418489999999999,"total":0.11418489999999999,"children":null},"RequestDecision":{"count":124288,"self":0.37555489999999997,"total":20.008954199999998,"children":{"AgentInfo.ToProto":{"count":124288,"self":0.41671339999999996,"total":19.6333993,"children":{"GenerateSensorData":{"count":124288,"self":19.029057599999998,"total":19.216685899999998,"children":{"RayPerceptionSensor.Perceive":{"count":124288,"self":0.18762879999999998,"total":0.18762879999999998,"children":null}}}}}}}}},"DecideAction":{"count":19417,"self":90.38067199999999,"total":90.38067199999999,"children":null},"AgentAct":{"count":19417,"self":0.7844468,"total":0.8877615,"children":{"AgentInfo.ToProto":{"count":301,"self":0.0040079999999999994,"total":0.1033147,"children":{"GenerateSensorData":{"count":301,"self":0.098303,"total":0.0993067,"children":{"RayPerceptionSensor.Perceive":{"count":301,"self":0.0010037,"total":0.0010037,"children":null}}}}}}},"AgentInfo.ToProto":{"count":656,"self":0.009046,"total":0.21819739999999999,"children":{"GenerateSensorData":{"count":656,"self":0.2071443,"total":0.2091514,"children":{"RayPerceptionSensor.Perceive":{"count":656,"self":0.0020071,"total":0.0020071,"children":null}}}}}},"gauges":{"MoveToGoal.CumulativeReward":{"count":957,"max":120,"min":-20,"runningAverage":-4.576803,"value":-10,"weightedAverage":-4.303211}},"metadata":{"timer_format_version":"0.1.0","start_time_seconds":"1687197999","unity_version":"2020.3.34f1","command_line_arguments":"C:\\Program Files\\Unity\\Hub\\Editor\\2020.3.34f1\\Editor\\Unity.exe -openfile C:\\Users\\Divya\\3DPlayground\\Assets\\Scenes\\SampleScene.unity","communication_protocol_version":"1.5.0","com.unity.ml-agents_version":"2.0.1","scene_name":"SampleScene","end_time_seconds":"1687198197"}}